"Mês Ano";"Programa Orçamentário";"Ação Orçamentária";"Órgão/Entidade Vinculada";"Valor Empenhado";"Valor Liquidado";"Valor Pago";"Valor Restos a Pagar Pagos";
"01/2024";"0032 - PROGRAMA DE GESTAO E MANUTENCAO DO PODER EXECUTIVO";"212B - BENEFICIOS OBRIGATORIOS AOS SERVIDORES CIVIS, EMPREGADOS, MILITARES E SEUS DEPENDENTES";"20203 - Agência Nacional do Cinema";"3.065.141,00";"249.312,53";"0,00";
"01/2024";"5025 - CULTURA";"20ZK - ADMINISTRACAO DOS INVESTIMENTOS, FINANCIAMENTOS E ATIVIDADES DO FUNDO SETORIAL DO AUDIOVISUAL (LEI N. 11.437, DE 2006)";"20203 - Agência Nacional do Cinema";"0,00";"0,00";"0,00";
"01/2024";"5025 - CULTURA";"20ZI - FOMENTO AO SETOR AUDIOVISUAL (MEDIDA PROVISORIA N. 2.228-1/2001)";"20203 - Agência Nacional do Cinema";"0,00";"0,00";"0,00";
"01/2024";"0032 - PROGRAMA DE GESTAO E MANUTENCAO DO PODER EXECUTIVO";"20TP - ATIVOS CIVIS DA UNIAO";"20203 - Agência Nacional do Cinema";"87.739.955,16";"7.010.813,62";"571.694,22";
"01/2024";"0032 - PROGRAMA DE GESTAO E MANUTENCAO DO PODER EXECUTIVO";"4572 - CAPACITACAO DE SERVIDORES PUBLICOS FEDERAIS EM PROCESSO DE QUALIFICACAO E REQUALIFICACAO";"20203 - Agência Nacional do Cinema";"0,00";"0,00";"0,00";
"01/2024";"0032 - PROGRAMA DE GESTAO E MANUTENCAO DO PODER EXECUTIVO";"216H - AJUDA DE CUSTO PARA MORADIA OU AUXILIO-MORADIA A AGENTES PUBLICOS";"20203 - Agência Nacional do Cinema";"9.960,59";"9.960,59";"0,00";
"01/2024";"0032 - PROGRAMA DE GESTAO E MANUTENCAO DO PODER EXECUTIVO";"2000 - ADMINISTRACAO DA UNIDADE";"20203 - Agência Nacional do Cinema";"11.607.323,48";"134.969,04";"89.208,15";
"01/2024";"0032 - PROGRAMA DE GESTAO E MANUTENCAO DO PODER EXECUTIVO";"09HB - CONTRIBUICAO DA UNIAO, DE SUAS AUTARQUIAS E FUNDACOES PARA O CUSTEIO DO REGIME DE PREVIDENCIA DOS SERVIDORES PUBLICOS FEDERAIS";"20203 - Agência Nacional do Cinema";"14.406.595,24";"1.107.762,06";"1.107.762,06";
"01/2024";"0032 - PROGRAMA DE GESTAO E MANUTENCAO DO PODER EXECUTIVO";"2004 - ASSISTENCIA MEDICA E ODONTOLOGICA AOS SERVIDORES CIVIS, EMPREGADOS, MILITARES E SEUS DEPENDENTES";"20203 - Agência Nacional do Cinema";"569.649,00";"43.877,51";"0,00";
"01/2024";"0032 - PROGRAMA DE GESTAO E MANUTENCAO DO PODER EXECUTIVO";"0181 - APOSENTADORIAS E PENSOES CIVIS DA UNIAO";"20203 - Agência Nacional do Cinema";"3.556.518,00";"187.792,56";"0,00";
"02/2024";"0032 - PROGRAMA DE GESTAO E MANUTENCAO DO PODER EXECUTIVO";"2000 - ADMINISTRACAO DA UNIDADE";"20203 - Agência Nacional do Cinema";"- 1.077.830,77";"1.447.038,19";"1.128.890,77";
"02/2024";"0032 - PROGRAMA DE GESTAO E MANUTENCAO DO PODER EXECUTIVO";"2004 - ASSISTENCIA MEDICA E ODONTOLOGICA AOS SERVIDORES CIVIS, EMPREGADOS, MILITARES E SEUS DEPENDENTES";"20203 - Agência Nacional do Cinema";"0,00";"42.671,33";"43.877,51";
"02/2024";"0032 - PROGRAMA DE GESTAO E MANUTENCAO DO PODER EXECUTIVO";"20TP - ATIVOS CIVIS DA UNIAO";"20203 - Agência Nacional do Cinema";"9.777,48";"6.793.703,59";"7.058.922,11";
"02/2024";"0032 - PROGRAMA DE GESTAO E MANUTENCAO DO PODER EXECUTIVO";"09HB - CONTRIBUICAO DA UNIAO, DE SUAS AUTARQUIAS E FUNDACOES PARA O CUSTEIO DO REGIME DE PREVIDENCIA DOS SERVIDORES PUBLICOS FEDERAIS";"20203 - Agência Nacional do Cinema";"21,40";"1.102.676,94";"1.102.676,94";
"02/2024";"0032 - PROGRAMA DE GESTAO E MANUTENCAO DO PODER EXECUTIVO";"4572 - CAPACITACAO DE SERVIDORES PUBLICOS FEDERAIS EM PROCESSO DE QUALIFICACAO E REQUALIFICACAO";"20203 - Agência Nacional do Cinema";"2.646,40";"0,00";"0,00";
"02/2024";"0032 - PROGRAMA DE GESTAO E MANUTENCAO DO PODER EXECUTIVO";"212B - BENEFICIOS OBRIGATORIOS AOS SERVIDORES CIVIS, EMPREGADOS, MILITARES E SEUS DEPENDENTES";"20203 - Agência Nacional do Cinema";"100.000,00";"250.301,61";"249.312,53";
"02/2024";"0032 - PROGRAMA DE GESTAO E MANUTENCAO DO PODER EXECUTIVO";"216H - AJUDA DE CUSTO PARA MORADIA OU AUXILIO-MORADIA A AGENTES PUBLICOS";"20203 - Agência Nacional do Cinema";"203.715,00";"19.148,43";"9.960,59";
"02/2024";"0032 - PROGRAMA DE GESTAO E MANUTENCAO DO PODER EXECUTIVO";"0181 - APOSENTADORIAS E PENSOES CIVIS DA UNIAO";"20203 - Agência Nacional do Cinema";"0,00";"187.849,88";"187.393,71";
"03/2024";"5125 - DIREITO A CULTURA";"20ZJ - FISCALIZACAO E REGULAMENTACAO DO SETOR AUDIOVISUAL";"20203 - Agência Nacional do Cinema";"10.300,00";"0,00";"0,00";
"03/2024";"0032 - PROGRAMA DE GESTAO E MANUTENCAO DO PODER EXECUTIVO";"4572 - CAPACITACAO DE SERVIDORES PUBLICOS FEDERAIS EM PROCESSO DE QUALIFICACAO E REQUALIFICACAO";"20203 - Agência Nacional do Cinema";"17.574,00";"0,00";"0,00";
"03/2024";"0032 - PROGRAMA DE GESTAO E MANUTENCAO DO PODER EXECUTIVO";"2000 - ADMINISTRACAO DA UNIDADE";"20203 - Agência Nacional do Cinema";"- 417.427,67";"2.190.790,43";"1.001.141,51";
"03/2024";"0032 - PROGRAMA DE GESTAO E MANUTENCAO DO PODER EXECUTIVO";"216H - AJUDA DE CUSTO PARA MORADIA OU AUXILIO-MORADIA A AGENTES PUBLICOS";"20203 - Agência Nacional do Cinema";"16.086,43";"29.575,08";"19.148,43";
"03/2024";"0032 - PROGRAMA DE GESTAO E MANUTENCAO DO PODER EXECUTIVO";"0181 - APOSENTADORIAS E PENSOES CIVIS DA UNIAO";"20203 - Agência Nacional do Cinema";"0,00";"188.248,73";"188.248,73";
"03/2024";"0032 - PROGRAMA DE GESTAO E MANUTENCAO DO PODER EXECUTIVO";"09HB - CONTRIBUICAO DA UNIAO, DE SUAS AUTARQUIAS E FUNDACOES PARA O CUSTEIO DO REGIME DE PREVIDENCIA DOS SERVIDORES PUBLICOS FEDERAIS";"20203 - Agência Nacional do Cinema";"10,70";"1.128.582,68";"1.128.582,68";
"03/2024";"0032 - PROGRAMA DE GESTAO E MANUTENCAO DO PODER EXECUTIVO";"2004 - ASSISTENCIA MEDICA E ODONTOLOGICA AOS SERVIDORES CIVIS, EMPREGADOS, MILITARES E SEUS DEPENDENTES";"20203 - Agência Nacional do Cinema";"0,00";"44.703,42";"42.671,33";
"03/2024";"0032 - PROGRAMA DE GESTAO E MANUTENCAO DO PODER EXECUTIVO";"20TP - ATIVOS CIVIS DA UNIAO";"20203 - Agência Nacional do Cinema";"696,34";"6.912.874,46";"6.801.221,44";
"03/2024";"0032 - PROGRAMA DE GESTAO E MANUTENCAO DO PODER EXECUTIVO";"212B - BENEFICIOS OBRIGATORIOS AOS SERVIDORES CIVIS, EMPREGADOS, MILITARES E SEUS DEPENDENTES";"20203 - Agência Nacional do Cinema";"0,00";"252.118,99";"250.301,61";
"04/2024";"0032 - PROGRAMA DE GESTAO E MANUTENCAO DO PODER EXECUTIVO";"4572 - CAPACITACAO DE SERVIDORES PUBLICOS FEDERAIS EM PROCESSO DE QUALIFICACAO E REQUALIFICACAO";"20203 - Agência Nacional do Cinema";"9.546,00";"2.290,00";"2.290,00";
"04/2024";"5125 - DIREITO A CULTURA";"006C - FINANCIAMENTO AO SETOR AUDIOVISUAL - FUNDO SETORIAL DO AUDIOVISUAL (LEI N. 11.437, DE 2006)";"20203 - Agência Nacional do Cinema";"400.000.000,00";"100.000.000,00";"100.000.000,00";
"04/2024";"0032 - PROGRAMA DE GESTAO E MANUTENCAO DO PODER EXECUTIVO";"216H - AJUDA DE CUSTO PARA MORADIA OU AUXILIO-MORADIA A AGENTES PUBLICOS";"20203 - Agência Nacional do Cinema";"0,00";"20.716,17";"29.575,08";
"04/2024";"0032 - PROGRAMA DE GESTAO E MANUTENCAO DO PODER EXECUTIVO";"09HB - CONTRIBUICAO DA UNIAO, DE SUAS AUTARQUIAS E FUNDACOES PARA O CUSTEIO DO REGIME DE PREVIDENCIA DOS SERVIDORES PUBLICOS FEDERAIS";"20203 - Agência Nacional do Cinema";"10,70";"1.115.846,12";"1.115.846,12";
"04/2024";"0032 - PROGRAMA DE GESTAO E MANUTENCAO DO PODER EXECUTIVO";"2000 - ADMINISTRACAO DA UNIDADE";"20203 - Agência Nacional do Cinema";"11.929.544,95";"1.846.593,48";"2.533.798,73";
"04/2024";"5125 - DIREITO A CULTURA";"006A - INVESTIMENTOS RETORNAVEIS NO SETOR AUDIOVISUAL MEDIANTE PARTICIPACAO EM EMPRESAS E PROJETOS - FUNDO SETORIAL DO AUDIOVISUAL";"20203 - Agência Nacional do Cinema";"600.000.000,00";"100.000.000,00";"100.000.000,00";
"04/2024";"5125 - DIREITO A CULTURA";"20ZJ - FISCALIZACAO E REGULAMENTACAO DO SETOR AUDIOVISUAL";"20203 - Agência Nacional do Cinema";"35.700,00";"9.449,89";"9.449,89";
"04/2024";"0032 - PROGRAMA DE GESTAO E MANUTENCAO DO PODER EXECUTIVO";"2004 - ASSISTENCIA MEDICA E ODONTOLOGICA AOS SERVIDORES CIVIS, EMPREGADOS, MILITARES E SEUS DEPENDENTES";"20203 - Agência Nacional do Cinema";"0,00";"44.528,16";"44.703,42";
"04/2024";"0032 - PROGRAMA DE GESTAO E MANUTENCAO DO PODER EXECUTIVO";"20TP - ATIVOS CIVIS DA UNIAO";"20203 - Agência Nacional do Cinema";"810,50";"6.849.243,58";"6.908.733,44";
"04/2024";"0032 - PROGRAMA DE GESTAO E MANUTENCAO DO PODER EXECUTIVO";"212B - BENEFICIOS OBRIGATORIOS AOS SERVIDORES CIVIS, EMPREGADOS, MILITARES E SEUS DEPENDENTES";"20203 - Agência Nacional do Cinema";"0,00";"251.384,66";"252.118,99";
"04/2024";"5125 - DIREITO A CULTURA";"20ZK - ADMINISTRACAO DOS INVESTIMENTOS, FINANCIAMENTOS E ATIVIDADES DO FUNDO SETORIAL DO AUDIOVISUAL (LEI N. 11.437, DE 2006)";"20203 - Agência Nacional do Cinema";"22.456.442,00";"0,00";"0,00";
"04/2024";"0032 - PROGRAMA DE GESTAO E MANUTENCAO DO PODER EXECUTIVO";"0181 - APOSENTADORIAS E PENSOES CIVIS DA UNIAO";"20203 - Agência Nacional do Cinema";"0,00";"204.367,20";"188.248,73";
"05/2024";"0032 - PROGRAMA DE GESTAO E MANUTENCAO DO PODER EXECUTIVO";"20TP - ATIVOS CIVIS DA UNIAO";"20203 - Agência Nacional do Cinema";"1.996,18";"6.755.894,32";"6.842.786,20";
"05/2024";"0032 - PROGRAMA DE GESTAO E MANUTENCAO DO PODER EXECUTIVO";"2000 - ADMINISTRACAO DA UNIDADE";"20203 - Agência Nacional do Cinema";"1.267.000,00";"1.563.116,84";"1.771.834,98";
"05/2024";"5125 - DIREITO A CULTURA";"006A - INVESTIMENTOS RETORNAVEIS NO SETOR AUDIOVISUAL MEDIANTE PARTICIPACAO EM EMPRESAS E PROJETOS - FUNDO SETORIAL DO AUDIOVISUAL";"20203 - Agência Nacional do Cinema";"0,00";"100.000.000,00";"100.000.000,00";
"05/2024";"0032 - PROGRAMA DE GESTAO E MANUTENCAO DO PODER EXECUTIVO";"216H - AJUDA DE CUSTO PARA MORADIA OU AUXILIO-MORADIA A AGENTES PUBLICOS";"20203 - Agência Nacional do Cinema";"0,00";"20.948,43";"20.716,17";
"05/2024";"0032 - PROGRAMA DE GESTAO E MANUTENCAO DO PODER EXECUTIVO";"4572 - CAPACITACAO DE SERVIDORES PUBLICOS FEDERAIS EM PROCESSO DE QUALIFICACAO E REQUALIFICACAO";"20203 - Agência Nacional do Cinema";"4.580,00";"20.340,00";"19.716,30";
"05/2024";"5125 - DIREITO A CULTURA";"20ZJ - FISCALIZACAO E REGULAMENTACAO DO SETOR AUDIOVISUAL";"20203 - Agência Nacional do Cinema";"5.000,00";"0,00";"0,00";
"05/2024";"0032 - PROGRAMA DE GESTAO E MANUTENCAO DO PODER EXECUTIVO";"2004 - ASSISTENCIA MEDICA E ODONTOLOGICA AOS SERVIDORES CIVIS, EMPREGADOS, MILITARES E SEUS DEPENDENTES";"20203 - Agência Nacional do Cinema";"0,00";"56.133,18";"44.528,16";
"05/2024";"0032 - PROGRAMA DE GESTAO E MANUTENCAO DO PODER EXECUTIVO";"0181 - APOSENTADORIAS E PENSOES CIVIS DA UNIAO";"20203 - Agência Nacional do Cinema";"0,00";"202.011,74";"204.367,20";
"05/2024";"5125 - DIREITO A CULTURA";"006C - FINANCIAMENTO AO SETOR AUDIOVISUAL - FUNDO SETORIAL DO AUDIOVISUAL (LEI N. 11.437, DE 2006)";"20203 - Agência Nacional do Cinema";"0,00";"100.000.000,00";"100.000.000,00";
"05/2024";"0032 - PROGRAMA DE GESTAO E MANUTENCAO DO PODER EXECUTIVO";"212B - BENEFICIOS OBRIGATORIOS AOS SERVIDORES CIVIS, EMPREGADOS, MILITARES E SEUS DEPENDENTES";"20203 - Agência Nacional do Cinema";"0,00";"493.661,73";"251.384,66";
"05/2024";"0032 - PROGRAMA DE GESTAO E MANUTENCAO DO PODER EXECUTIVO";"09HB - CONTRIBUICAO DA UNIAO, DE SUAS AUTARQUIAS E FUNDACOES PARA O CUSTEIO DO REGIME DE PREVIDENCIA DOS SERVIDORES PUBLICOS FEDERAIS";"20203 - Agência Nacional do Cinema";"34,94";"1.095.963,50";"1.095.963,50";
"06/2024";"0032 - PROGRAMA DE GESTAO E MANUTENCAO DO PODER EXECUTIVO";"216H - AJUDA DE CUSTO PARA MORADIA OU AUXILIO-MORADIA A AGENTES PUBLICOS";"20203 - Agência Nacional do Cinema";"73.305,00";"20.948,43";"20.948,43";
"06/2024";"0032 - PROGRAMA DE GESTAO E MANUTENCAO DO PODER EXECUTIVO";"2000 - ADMINISTRACAO DA UNIDADE";"20203 - Agência Nacional do Cinema";"150.106,56";"2.392.149,25";"1.876.438,23";
"06/2024";"0032 - PROGRAMA DE GESTAO E MANUTENCAO DO PODER EXECUTIVO";"09HB - CONTRIBUICAO DA UNIAO, DE SUAS AUTARQUIAS E FUNDACOES PARA O CUSTEIO DO REGIME DE PREVIDENCIA DOS SERVIDORES PUBLICOS FEDERAIS";"20203 - Agência Nacional do Cinema";"80.299,28";"1.103.337,92";"1.103.337,92";
"06/2024";"5125 - DIREITO A CULTURA";"006C - FINANCIAMENTO AO SETOR AUDIOVISUAL - FUNDO SETORIAL DO AUDIOVISUAL (LEI N. 11.437, DE 2006)";"20203 - Agência Nacional do Cinema";"0,00";"100.000.000,00";"0,00";
"06/2024";"0032 - PROGRAMA DE GESTAO E MANUTENCAO DO PODER EXECUTIVO";"212B - BENEFICIOS OBRIGATORIOS AOS SERVIDORES CIVIS, EMPREGADOS, MILITARES E SEUS DEPENDENTES";"20203 - Agência Nacional do Cinema";"1.026.181,00";"375.288,87";"493.661,73";
"06/2024";"0032 - PROGRAMA DE GESTAO E MANUTENCAO DO PODER EXECUTIVO";"155V - AQUISICAO DO IMOVEL DO ESCRITORIO CENTRAL DA AGENCIA NACIONAL DO CINEMA - ANCINE";"20203 - Agência Nacional do Cinema";"1.855.650,00";"0,00";"0,00";
"06/2024";"0032 - PROGRAMA DE GESTAO E MANUTENCAO DO PODER EXECUTIVO";"4572 - CAPACITACAO DE SERVIDORES PUBLICOS FEDERAIS EM PROCESSO DE QUALIFICACAO E REQUALIFICACAO";"20203 - Agência Nacional do Cinema";"80.717,00";"4.936,40";"5.526,42";
"06/2024";"0032 - PROGRAMA DE GESTAO E MANUTENCAO DO PODER EXECUTIVO";"2004 - ASSISTENCIA MEDICA E ODONTOLOGICA AOS SERVIDORES CIVIS, EMPREGADOS, MILITARES E SEUS DEPENDENTES";"20203 - Agência Nacional do Cinema";"96.242,00";"56.629,62";"56.133,18";
"06/2024";"0032 - PROGRAMA DE GESTAO E MANUTENCAO DO PODER EXECUTIVO";"0181 - APOSENTADORIAS E PENSOES CIVIS DA UNIAO";"20203 - Agência Nacional do Cinema";"0,00";"301.493,46";"202.011,74";
"06/2024";"0032 - PROGRAMA DE GESTAO E MANUTENCAO DO PODER EXECUTIVO";"20TP - ATIVOS CIVIS DA UNIAO";"20203 - Agência Nacional do Cinema";"2.312.947,17";"8.849.238,61";"6.757.305,10";
"07/2024";"0032 - PROGRAMA DE GESTAO E MANUTENCAO DO PODER EXECUTIVO";"4572 - CAPACITACAO DE SERVIDORES PUBLICOS FEDERAIS EM PROCESSO DE QUALIFICACAO E REQUALIFICACAO";"20203 - Agência Nacional do Cinema";"7.840,00";"0,00";"33,68";
"07/2024";"0032 - PROGRAMA DE GESTAO E MANUTENCAO DO PODER EXECUTIVO";"0181 - APOSENTADORIAS E PENSOES CIVIS DA UNIAO";"20203 - Agência Nacional do Cinema";"0,00";"200.998,59";"301.493,46";
"07/2024";"0032 - PROGRAMA DE GESTAO E MANUTENCAO DO PODER EXECUTIVO";"2000 - ADMINISTRACAO DA UNIDADE";"20203 - Agência Nacional do Cinema";"3.179.801,00";"3.187.068,55";"2.007.974,21";
"07/2024";"5125 - DIREITO A CULTURA";"006C - FINANCIAMENTO AO SETOR AUDIOVISUAL - FUNDO SETORIAL DO AUDIOVISUAL (LEI N. 11.437, DE 2006)";"20203 - Agência Nacional do Cinema";"0,00";"0,00";"100.000.000,00";
"07/2024";"0032 - PROGRAMA DE GESTAO E MANUTENCAO DO PODER EXECUTIVO";"216H - AJUDA DE CUSTO PARA MORADIA OU AUXILIO-MORADIA A AGENTES PUBLICOS";"20203 - Agência Nacional do Cinema";"0,00";"20.948,43";"20.948,43";
"07/2024";"0032 - PROGRAMA DE GESTAO E MANUTENCAO DO PODER EXECUTIVO";"09HB - CONTRIBUICAO DA UNIAO, DE SUAS AUTARQUIAS E FUNDACOES PARA O CUSTEIO DO REGIME DE PREVIDENCIA DOS SERVIDORES PUBLICOS FEDERAIS";"20203 - Agência Nacional do Cinema";"0,00";"1.106.387,60";"1.106.387,60";
"07/2024";"0032 - PROGRAMA DE GESTAO E MANUTENCAO DO PODER EXECUTIVO";"212B - BENEFICIOS OBRIGATORIOS AOS SERVIDORES CIVIS, EMPREGADOS, MILITARES E SEUS DEPENDENTES";"20203 - Agência Nacional do Cinema";"0,00";"375.040,48";"375.288,87";
"07/2024";"0032 - PROGRAMA DE GESTAO E MANUTENCAO DO PODER EXECUTIVO";"20TP - ATIVOS CIVIS DA UNIAO";"20203 - Agência Nacional do Cinema";"0,00";"6.685.028,13";"8.850.906,24";
"07/2024";"0032 - PROGRAMA DE GESTAO E MANUTENCAO DO PODER EXECUTIVO";"2004 - ASSISTENCIA MEDICA E ODONTOLOGICA AOS SERVIDORES CIVIS, EMPREGADOS, MILITARES E SEUS DEPENDENTES";"20203 - Agência Nacional do Cinema";"0,00";"56.388,42";"56.629,62";
"08/2024";"0032 - PROGRAMA DE GESTAO E MANUTENCAO DO PODER EXECUTIVO";"20TP - ATIVOS CIVIS DA UNIAO";"20203 - Agência Nacional do Cinema";"5.000,00";"6.688.327,39";"6.683.897,66";
"08/2024";"0032 - PROGRAMA DE GESTAO E MANUTENCAO DO PODER EXECUTIVO";"4572 - CAPACITACAO DE SERVIDORES PUBLICOS FEDERAIS EM PROCESSO DE QUALIFICACAO E REQUALIFICACAO";"20203 - Agência Nacional do Cinema";"15.580,00";"82.490,00";"74.694,69";
"08/2024";"0032 - PROGRAMA DE GESTAO E MANUTENCAO DO PODER EXECUTIVO";"212B - BENEFICIOS OBRIGATORIOS AOS SERVIDORES CIVIS, EMPREGADOS, MILITARES E SEUS DEPENDENTES";"20203 - Agência Nacional do Cinema";"0,00";"381.897,70";"384.233,38";
"08/2024";"5125 - DIREITO A CULTURA";"006C - FINANCIAMENTO AO SETOR AUDIOVISUAL - FUNDO SETORIAL DO AUDIOVISUAL (LEI N. 11.437, DE 2006)";"20203 - Agência Nacional do Cinema";"0,00";"100.000.000,00";"100.000.000,00";
"08/2024";"0032 - PROGRAMA DE GESTAO E MANUTENCAO DO PODER EXECUTIVO";"2004 - ASSISTENCIA MEDICA E ODONTOLOGICA AOS SERVIDORES CIVIS, EMPREGADOS, MILITARES E SEUS DEPENDENTES";"20203 - Agência Nacional do Cinema";"0,00";"55.435,78";"56.388,42";
"08/2024";"0032 - PROGRAMA DE GESTAO E MANUTENCAO DO PODER EXECUTIVO";"155V - AQUISICAO DO IMOVEL DO ESCRITORIO CENTRAL DA AGENCIA NACIONAL DO CINEMA - ANCINE";"20203 - Agência Nacional do Cinema";"- 1.855.650,00";"0,00";"0,00";
"08/2024";"0032 - PROGRAMA DE GESTAO E MANUTENCAO DO PODER EXECUTIVO";"2000 - ADMINISTRACAO DA UNIDADE";"20203 - Agência Nacional do Cinema";"- 2.491.910,23";"1.947.119,59";"2.586.903,36";
"08/2024";"0910 - OPERACOES ESPECIAIS: GESTAO DA PARTICIPACAO EM ORGANISMOS E ENTIDADES NACIONAIS E INTERNACIONAIS";"00S0 - CONTRIBUICAO AO PROGRAMA IBERMEDIA";"20203 - Agência Nacional do Cinema";"2.080.000,00";"0,00";"0,00";
"08/2024";"5025 - CULTURA";"20ZK - ADMINISTRACAO DOS INVESTIMENTOS, FINANCIAMENTOS E ATIVIDADES DO FUNDO SETORIAL DO AUDIOVISUAL (LEI N. 11.437, DE 2006)";"20203 - Agência Nacional do Cinema";"0,00";"0,00";"0,00";
"08/2024";"0032 - PROGRAMA DE GESTAO E MANUTENCAO DO PODER EXECUTIVO";"216H - AJUDA DE CUSTO PARA MORADIA OU AUXILIO-MORADIA A AGENTES PUBLICOS";"20203 - Agência Nacional do Cinema";"0,00";"19.448,43";"20.948,43";
"08/2024";"0032 - PROGRAMA DE GESTAO E MANUTENCAO DO PODER EXECUTIVO";"0181 - APOSENTADORIAS E PENSOES CIVIS DA UNIAO";"20203 - Agência Nacional do Cinema";"0,00";"200.989,79";"200.998,59";
"08/2024";"0032 - PROGRAMA DE GESTAO E MANUTENCAO DO PODER EXECUTIVO";"09HB - CONTRIBUICAO DA UNIAO, DE SUAS AUTARQUIAS E FUNDACOES PARA O CUSTEIO DO REGIME DE PREVIDENCIA DOS SERVIDORES PUBLICOS FEDERAIS";"20203 - Agência Nacional do Cinema";"0,00";"1.102.992,78";"1.102.992,78";
"09/2024";"0032 - PROGRAMA DE GESTAO E MANUTENCAO DO PODER EXECUTIVO";"09HB - CONTRIBUICAO DA UNIAO, DE SUAS AUTARQUIAS E FUNDACOES PARA O CUSTEIO DO REGIME DE PREVIDENCIA DOS SERVIDORES PUBLICOS FEDERAIS";"20203 - Agência Nacional do Cinema";"0,00";"1.106.113,74";"1.106.113,74";
"09/2024";"0032 - PROGRAMA DE GESTAO E MANUTENCAO DO PODER EXECUTIVO";"20TP - ATIVOS CIVIS DA UNIAO";"20203 - Agência Nacional do Cinema";"0,00";"6.734.505,62";"6.689.261,02";
"09/2024";"0032 - PROGRAMA DE GESTAO E MANUTENCAO DO PODER EXECUTIVO";"2004 - ASSISTENCIA MEDICA E ODONTOLOGICA AOS SERVIDORES CIVIS, EMPREGADOS, MILITARES E SEUS DEPENDENTES";"20203 - Agência Nacional do Cinema";"0,00";"55.362,73";"55.435,78";
"09/2024";"0032 - PROGRAMA DE GESTAO E MANUTENCAO DO PODER EXECUTIVO";"212B - BENEFICIOS OBRIGATORIOS AOS SERVIDORES CIVIS, EMPREGADOS, MILITARES E SEUS DEPENDENTES";"20203 - Agência Nacional do Cinema";"0,00";"376.719,44";"372.704,80";
"09/2024";"5125 - DIREITO A CULTURA";"20ZJ - FISCALIZACAO E REGULAMENTACAO DO SETOR AUDIOVISUAL";"20203 - Agência Nacional do Cinema";"- 51.000,00";"- 9.449,89";"- 9.449,89";
"09/2024";"0032 - PROGRAMA DE GESTAO E MANUTENCAO DO PODER EXECUTIVO";"0181 - APOSENTADORIAS E PENSOES CIVIS DA UNIAO";"20203 - Agência Nacional do Cinema";"0,00";"200.989,79";"200.989,79";
"09/2024";"0032 - PROGRAMA DE GESTAO E MANUTENCAO DO PODER EXECUTIVO";"4572 - CAPACITACAO DE SERVIDORES PUBLICOS FEDERAIS EM PROCESSO DE QUALIFICACAO E REQUALIFICACAO";"20203 - Agência Nacional do Cinema";"59.704,00";"7.567,00";"14.647,23";
"09/2024";"0032 - PROGRAMA DE GESTAO E MANUTENCAO DO PODER EXECUTIVO";"2000 - ADMINISTRACAO DA UNIDADE";"20203 - Agência Nacional do Cinema";"3.023.554,56";"2.415.057,23";"2.762.183,16";
"09/2024";"0032 - PROGRAMA DE GESTAO E MANUTENCAO DO PODER EXECUTIVO";"216H - AJUDA DE CUSTO PARA MORADIA OU AUXILIO-MORADIA A AGENTES PUBLICOS";"20203 - Agência Nacional do Cinema";"0,00";"19.448,43";"19.448,43";
"10/2024";"0032 - PROGRAMA DE GESTAO E MANUTENCAO DO PODER EXECUTIVO";"2000 - ADMINISTRACAO DA UNIDADE";"20203 - Agência Nacional do Cinema";"2.574.756,88";"3.920.574,48";"2.876.175,53";
"10/2024";"0032 - PROGRAMA DE GESTAO E MANUTENCAO DO PODER EXECUTIVO";"20TP - ATIVOS CIVIS DA UNIAO";"20203 - Agência Nacional do Cinema";"0,00";"6.694.298,28";"6.732.020,50";
"10/2024";"0032 - PROGRAMA DE GESTAO E MANUTENCAO DO PODER EXECUTIVO";"0181 - APOSENTADORIAS E PENSOES CIVIS DA UNIAO";"20203 - Agência Nacional do Cinema";"0,00";"200.989,79";"200.989,79";
"10/2024";"0032 - PROGRAMA DE GESTAO E MANUTENCAO DO PODER EXECUTIVO";"09HB - CONTRIBUICAO DA UNIAO, DE SUAS AUTARQUIAS E FUNDACOES PARA O CUSTEIO DO REGIME DE PREVIDENCIA DOS SERVIDORES PUBLICOS FEDERAIS";"20203 - Agência Nacional do Cinema";"0,00";"1.101.655,14";"1.101.655,14";
"10/2024";"0910 - OPERACOES ESPECIAIS: GESTAO DA PARTICIPACAO EM ORGANISMOS E ENTIDADES NACIONAIS E INTERNACIONAIS";"00S0 - CONTRIBUICAO AO PROGRAMA IBERMEDIA";"20203 - Agência Nacional do Cinema";"0,00";"2.080.000,00";"2.080.000,00";
"10/2024";"0032 - PROGRAMA DE GESTAO E MANUTENCAO DO PODER EXECUTIVO";"212B - BENEFICIOS OBRIGATORIOS AOS SERVIDORES CIVIS, EMPREGADOS, MILITARES E SEUS DEPENDENTES";"20203 - Agência Nacional do Cinema";"0,00";"369.802,56";"376.719,44";
"10/2024";"0032 - PROGRAMA DE GESTAO E MANUTENCAO DO PODER EXECUTIVO";"216H - AJUDA DE CUSTO PARA MORADIA OU AUXILIO-MORADIA A AGENTES PUBLICOS";"20203 - Agência Nacional do Cinema";"0,00";"19.419,51";"19.448,43";
"10/2024";"0032 - PROGRAMA DE GESTAO E MANUTENCAO DO PODER EXECUTIVO";"2004 - ASSISTENCIA MEDICA E ODONTOLOGICA AOS SERVIDORES CIVIS, EMPREGADOS, MILITARES E SEUS DEPENDENTES";"20203 - Agência Nacional do Cinema";"0,00";"55.985,53";"56.271,52";
"10/2024";"0032 - PROGRAMA DE GESTAO E MANUTENCAO DO PODER EXECUTIVO";"4572 - CAPACITACAO DE SERVIDORES PUBLICOS FEDERAIS EM PROCESSO DE QUALIFICACAO E REQUALIFICACAO";"20203 - Agência Nacional do Cinema";"14.850,00";"0,00";"715,08";
"11/2024";"0032 - PROGRAMA DE GESTAO E MANUTENCAO DO PODER EXECUTIVO";"4572 - CAPACITACAO DE SERVIDORES PUBLICOS FEDERAIS EM PROCESSO DE QUALIFICACAO E REQUALIFICACAO";"20203 - Agência Nacional do Cinema";"594,00";"73.236,00";"71.380,49";
"11/2024";"0032 - PROGRAMA DE GESTAO E MANUTENCAO DO PODER EXECUTIVO";"212B - BENEFICIOS OBRIGATORIOS AOS SERVIDORES CIVIS, EMPREGADOS, MILITARES E SEUS DEPENDENTES";"20203 - Agência Nacional do Cinema";"0,00";"376.611,08";"369.802,56";
"11/2024";"0032 - PROGRAMA DE GESTAO E MANUTENCAO DO PODER EXECUTIVO";"2000 - ADMINISTRACAO DA UNIDADE";"20203 - Agência Nacional do Cinema";"1.138.759,65";"3.844.114,68";"5.011.717,21";
"11/2024";"0032 - PROGRAMA DE GESTAO E MANUTENCAO DO PODER EXECUTIVO";"216H - AJUDA DE CUSTO PARA MORADIA OU AUXILIO-MORADIA A AGENTES PUBLICOS";"20203 - Agência Nacional do Cinema";"0,00";"19.230,66";"19.419,51";
"11/2024";"0032 - PROGRAMA DE GESTAO E MANUTENCAO DO PODER EXECUTIVO";"09HB - CONTRIBUICAO DA UNIAO, DE SUAS AUTARQUIAS E FUNDACOES PARA O CUSTEIO DO REGIME DE PREVIDENCIA DOS SERVIDORES PUBLICOS FEDERAIS";"20203 - Agência Nacional do Cinema";"0,00";"2.194.781,44";"2.194.781,44";
"11/2024";"0032 - PROGRAMA DE GESTAO E MANUTENCAO DO PODER EXECUTIVO";"0181 - APOSENTADORIAS E PENSOES CIVIS DA UNIAO";"20203 - Agência Nacional do Cinema";"0,00";"301.858,16";"200.989,79";
"11/2024";"0032 - PROGRAMA DE GESTAO E MANUTENCAO DO PODER EXECUTIVO";"20TP - ATIVOS CIVIS DA UNIAO";"20203 - Agência Nacional do Cinema";"- 1.206.900,83";"10.104.622,51";"7.262.427,63";
"11/2024";"0032 - PROGRAMA DE GESTAO E MANUTENCAO DO PODER EXECUTIVO";"2004 - ASSISTENCIA MEDICA E ODONTOLOGICA AOS SERVIDORES CIVIS, EMPREGADOS, MILITARES E SEUS DEPENDENTES";"20203 - Agência Nacional do Cinema";"- 9.793,35";"55.775,88";"55.178,93";
"12/2024";"5025 - CULTURA";"20ZK - ADMINISTRACAO DOS INVESTIMENTOS, FINANCIAMENTOS E ATIVIDADES DO FUNDO SETORIAL DO AUDIOVISUAL (LEI N. 11.437, DE 2006)";"20203 - Agência Nacional do Cinema";"0,00";"0,00";"0,00";
"12/2024";"0032 - PROGRAMA DE GESTAO E MANUTENCAO DO PODER EXECUTIVO";"212B - BENEFICIOS OBRIGATORIOS AOS SERVIDORES CIVIS, EMPREGADOS, MILITARES E SEUS DEPENDENTES";"20203 - Agência Nacional do Cinema";"- 67.486,46";"371.695,89";"376.611,08";
"12/2024";"0032 - PROGRAMA DE GESTAO E MANUTENCAO DO PODER EXECUTIVO";"0181 - APOSENTADORIAS E PENSOES CIVIS DA UNIAO";"20203 - Agência Nacional do Cinema";"- 977.938,52";"200.989,79";"301.858,16";
"12/2024";"0032 - PROGRAMA DE GESTAO E MANUTENCAO DO PODER EXECUTIVO";"216H - AJUDA DE CUSTO PARA MORADIA OU AUXILIO-MORADIA A AGENTES PUBLICOS";"20203 - Agência Nacional do Cinema";"- 9.916,17";"33.176,38";"19.230,66";
"12/2024";"0032 - PROGRAMA DE GESTAO E MANUTENCAO DO PODER EXECUTIVO";"4572 - CAPACITACAO DE SERVIDORES PUBLICOS FEDERAIS EM PROCESSO DE QUALIFICACAO E REQUALIFICACAO";"20203 - Agência Nacional do Cinema";"1.168,00";"21.346,00";"23.201,51";
"12/2024";"0032 - PROGRAMA DE GESTAO E MANUTENCAO DO PODER EXECUTIVO";"155V - AQUISICAO DO IMOVEL DO ESCRITORIO CENTRAL DA AGENCIA NACIONAL DO CINEMA - ANCINE";"20203 - Agência Nacional do Cinema";"1.855.650,00";"0,00";"0,00";
"12/2024";"0032 - PROGRAMA DE GESTAO E MANUTENCAO DO PODER EXECUTIVO";"2004 - ASSISTENCIA MEDICA E ODONTOLOGICA AOS SERVIDORES CIVIS, EMPREGADOS, MILITARES E SEUS DEPENDENTES";"20203 - Agência Nacional do Cinema";"- 31.848,90";"54.883,19";"55.673,69";
"12/2024";"5125 - DIREITO A CULTURA";"20ZK - ADMINISTRACAO DOS INVESTIMENTOS, FINANCIAMENTOS E ATIVIDADES DO FUNDO SETORIAL DO AUDIOVISUAL (LEI N. 11.437, DE 2006)";"20203 - Agência Nacional do Cinema";"567.000,00";"0,00";"0,00";
"12/2024";"0032 - PROGRAMA DE GESTAO E MANUTENCAO DO PODER EXECUTIVO";"2000 - ADMINISTRACAO DA UNIDADE";"20203 - Agência Nacional do Cinema";"257.362,34";"2.523.033,75";"3.162.074,03";
"12/2024";"0032 - PROGRAMA DE GESTAO E MANUTENCAO DO PODER EXECUTIVO";"20TP - ATIVOS CIVIS DA UNIAO";"20203 - Agência Nacional do Cinema";"- 951.955,11";"7.727.730,39";"9.588.184,76";
"12/2024";"5125 - DIREITO A CULTURA";"006A - INVESTIMENTOS RETORNAVEIS NO SETOR AUDIOVISUAL MEDIANTE PARTICIPACAO EM EMPRESAS E PROJETOS - FUNDO SETORIAL DO AUDIOVISUAL";"20203 - Agência Nacional do Cinema";"0,00";"400.000.000,00";"400.000.000,00";
"12/2024";"0032 - PROGRAMA DE GESTAO E MANUTENCAO DO PODER EXECUTIVO";"09HB - CONTRIBUICAO DA UNIAO, DE SUAS AUTARQUIAS E FUNDACOES PARA O CUSTEIO DO REGIME DE PREVIDENCIA DOS SERVIDORES PUBLICOS FEDERAIS";"20203 - Agência Nacional do Cinema";"0,00";"1.108.701,12";"1.108.701,12";
